<?xml version="1.0" encoding="UTF-8" standalone="yes"?>
<addon id="repository.eintamil" name="EinTamil Kodi Repository" version="1.1.0" provider-name="EinTamil">
    <extension point="xbmc.addon.repository" name="EinTamil Kodi Repository">
        <dir>
            <info compressed="false">https://github.com/eintamil/repository.eintamil/raw/main/zips/addons.xml</info>
            <checksum>https://github.com/eintamil/repository.eintamil/raw/main/zips/addons.xml.md5</checksum>
            <datadir zip="true">https://github.com/eintamil/repository.eintamil/raw/main/zips/</datadir>
        </dir>
    </extension>
    <extension point="xbmc.addon.metadata">
        <summary>EinTamil Kodi Repository</summary>
        <description>https://eintamil.github.io/</description>
        <website>https://eintamil.github.io/</website>
        <platform>all</platform>
    </extension>
</addon>