<?xml version="1.0" encoding="UTF-8" standalone="yes"?>
<addon id="plugin.video.einthusan" name="Einthusan" version="1.5.1" provider-name="humla,ReasonsRepo,EinTamil">
    <requires>
        <import addon="repository.eintamil" version="0.0.1"/>
        <import addon="xbmc.python" version="3.0.0"/>
        <import addon="script.module.requests" version="2.22.0" />
    </requires>
    <extension point="xbmc.python.pluginsource" library="default.py">
        <provides>video</provides>
    </extension>
    <extension point="xbmc.addon.metadata">
        <platform>all</platform>
        <summary>Einthusan Video Addon - Version 1.5.1</summary>
        <description>Deprecated - Use v2.x or v3.x Latest Version</description>
    </extension>
</addon>